DAL,Arhar special
DAL,Arhar Choti
DAL,Chiwra Poha
DAL,Dal Chana
DAL,Dalia
DAL,Dalia joe
DAL,Daliya Roasted
DAL,Kala Channa Desi
DAL,Kulth Dal
DAL,Lobiya Lal
DAL,Lobiya Safed
DAL,Malka Lal
DAL,Malka Lal Dali
DAL,Masoor Kaali Barrik
DAL,Masoor Kali
DAL,Matar Safed
DAL,Mix Dal
DAL,Moong Chilka
DAL,Moong Dhuli
DAL,Moong Sabut
DAL,Moongfali Dana
DAL,Moth Sabut
DAL,Popcorn
DAL,Rajma Chitra
DAL,Rajma Kashmiri
DAL,Rajma Kullu Mota
DAL,Sabudana
DAL,Safed Chana Dollar
DAL,Safed Chana Pindi
DAL,Safed Chana Medium
DAL,Soyabean
DAL,Maida (Superfine)
DAL,Suji Barrik
DAL,Suji Moti
DAL,Tea Special (19no)
DAL,Urad Chilka
DAL,Urad Dhuli
DAL,Urad Sabut
MASALA,Aam Achar Masala
MASALA,Ajwain
MASALA,Amchur powder
MASALA,Amchur Sabut
MASALA,Chai Masala (19 no)
MASALA,Chatu Chat Masala (19no)
MASALA,Chilli Flakes (19no)
MASALA,Deggi Mirch pd (19no)
MASALA,Dhaniya Koota
MASALA,Dhaniya Powder
MASALA,Dhaniya Sabut
MASALA,Garam Masala pd
MASALA,Garam Masala Sabut
MASALA,Green Tea
MASALA,Haldi Powder
MASALA,Haldi Sabut
MASALA,Hing (Ram Dev)
MASALA,Hing Special (19no)( 20/50 gm)
MASALA,Imli (Chapati)
MASALA,Jaljeera Masala
MASALA,Jeera Kala Namak
MASALA,Jeera Sabut
MASALA,Kala Jeera (shah)
MASALA,Kali Mirch Powder
MASALA,Kali Mirch Sabut
MASALA,Lal Mirch Kuti
MASALA,Lal Mirch pd
MASALA,Lal Mirch Sabut
MASALA,Loung
MASALA,Meetha Soda
MASALA,Meethi Saunth
MASALA,Methi Chutney(longi)
MASALA,Methi Dana
MASALA,Namak Tata/sendha
MASALA,Panipuri Masala
MASALA,Pao Bhaji (Everest)
MASALA,Pizza & Pasta Masala 19no (Seasoning)
MASALA,Peepal
MASALA,Pudina Chat Masala(Instant chutney)
MASALA,Rai pd
MASALA,Rai Sabut
MASALA,Safed Mirch
MASALA,Safed Mirch pd
MASALA,Safed Til
MASALA,Kala Chat Masala(19no) (250 gm)
MASALA,Matra Kulcha Masala 19no (100g)
MASALA,Sambhar Masala (everest)
MASALA,Sarson Kali
MASALA,Sarson Peeli
MASALA,Saunf Barrik
MASALA,Saunf Moti
MASALA,Shikanji Masala
MASALA,Sounth pd
MASALA,Sounth Sabut
MASALA,Tej Patta
MASALA,Biryani Masala (MDH)
MASALA,Chana Masala (MDH)
MASALA,Chicken Masala (MDH)
MASALA,Chunky Chat (MDH)
MASALA,Dal Makhni Masala (MDH)
MASALA,Deggi mirch (MDH)
MASALA,Garam Masala (MDH)
MASALA,Kasuri Methi (MDH)
MASALA,Kitchen King (MDH)
MASALA,Meat Masala (MDH)
MASALA,Rajma Masala (MDH)
MASALA,Sambar Masala (MDH)
MASALA,Thandai
RICE,Chawal Parmal Silky
RICE,Chawal Parmal Staff
RICE,Chawal Basmati 75
RICE,Chawal Basmati 95
RICE,Chawal Tibar 110
RICE,Chawal Dehraduni 120
RICE,Chawal Special 130
RICE,Lal Quilla
RICE,Sela Golden (Special)
RICE,Brown Rice
RICE,Red Rice
RICE,Black Rice
RICE,Samak Chawal
19no SPECIALITY,Bedmi puri atta
19no SPECIALITY,Hing
19no SPECIALITY,Methi Chutney
19no SPECIALITY,Instant Pudina Chutney
19no SPECIALITY,Chai Masala
19no SPECIALITY,Chatu Chat Masala
19no SPECIALITY,Ready Seasoning
19no SPECIALITY,Tea Special
DRY FRUITS,Akhrot Giri
DRY FRUITS,Anjeer
DRY FRUITS,Badam (Gurbandi)
DRY FRUITS,Badam Giri (American)
DRY FRUITS,Badam Maamra
DRY FRUITS,Chironji
DRY FRUITS,Chuwara (kala)
DRY FRUITS,Chuwara (Pila)
DRY FRUITS,Gola Kas
DRY FRUITS,Gola Sabut
DRY FRUITS,Gond
DRY FRUITS,Gond Katira
DRY FRUITS,Kaju 2pc
DRY FRUITS,Kaju 4Pc
DRY FRUITS,Kaju W-240
DRY FRUITS,Kaju W-320
DRY FRUITS,Khumani
DRY FRUITS,Kishmish Gol
DRY FRUITS,Kishmish Lambi
DRY FRUITS,Magaj Kharbuja
DRY FRUITS,Magaj Mota
DRY FRUITS,Makhane
DRY FRUITS,Munnakka
DRY FRUITS,Pista Dodi
DRY FRUITS,Pista Pishori
SUGAR & JAGGERY,Bura
SUGAR & JAGGERY,Desi Khand
SUGAR & JAGGERY,Gur
SUGAR & JAGGERY,Karara
SUGAR & JAGGERY,Shakkar
SUGAR & JAGGERY,Sugar Branded
SUGAR & JAGGERY,Sugar Loose (Mawana)
READY MIX,Bedmi Puri Atta(19no)
READY MIX,Bhatura Mix
READY MIX,Missi Roti Atta Mix
READY MIX,Dhokla Mix (420)
READY MIX,Moong Dal Pakodi(420)
READY MIX,Rice Idli Mix (19no)
READY MIX,Rice Dosa Mix (19no)
SUPER FOODS & SEEDS,Alsi
SUPER FOODS & SEEDS,Barley Flakes
SUPER FOODS & SEEDS,Black Rice
SUPER FOODS & SEEDS,Brown Rice
SUPER FOODS & SEEDS,Chia Seeds
SUPER FOODS & SEEDS,Oats Regular
SUPER FOODS & SEEDS,Oats Rolled
SUPER FOODS & SEEDS,Pumpkin Seeds
SUPER FOODS & SEEDS,Quinoa
SUPER FOODS & SEEDS,Sunflower Seeds
SUPER FOODS & SEEDS,Millets (all types)
MILLETS,Banyard Millet
MILLETS,Kodo Millet
MILLETS,Little Millet
MILLETS,Foxtail Millet
MILLETS,Brown Top Millet
MILLETS,Raggi Millet
MILLETS,Pearl Millet
MILLETS,Buckwheat Millet
ATTA,Ararot
ATTA,Bajra Atta
ATTA,Bajra Khichdi
ATTA,Bajra Kutta
ATTA,Bajra Sabut
ATTA,Bedmi Puri Atta
ATTA,Besan
ATTA,Besan (Rajdhani)
ATTA,Besan Mota
ATTA,Chakki Atta ( Ash)
ATTA,Chakki Atta Loose
ATTA,Channa Roasted
ATTA,Channa Sattu
ATTA,Chawal Atta
ATTA,Desi Channa Atta
ATTA,Joe Sattu
ATTA,Joe Atta
ATTA,Jwar Atta
ATTA,Kuttu Giri Atta
ATTA,Kuttu Giri
ATTA,Maida
ATTA,Makka Atta
ATTA,Moong Dhuli Atta
ATTA,Mota Atta
ATTA,Mp Atta
ATTA,Oats Î‘tta
ATTA,Raggi Atta
ATTA,Rajgiri (Amranth) Atta
ATTA,Samak Atta
ATTA,Samak Chawal
ATTA,Singhara Atta
ATTA,Urad Dhuli Atta